Number,bayGate,bayBith,sellGate,sellBith,diffSell,diffBay,timeServer,timeBith,timeGate,percentBonus,bayOrSellGate,bayOrSellBith, init
392,1.12536476,1.10483315,1.13134818,1.14656141,-0.02651503,-0.02119665,1629368617021,1629368458414,1629368616006,0,2,-1,1
393,1.12516516,1.10483315,1.13134818,1.14656141,-0.02651503,-0.02139625,1629368617482,1629368458414,1629368616084,0,1,-1,1
394,1.12536476,1.10483315,1.13134818,1.14656141,-0.02651503,-0.02119665,1629368617744,1629368458414,1629368616108,0,1,-1,1
395,1.12536476,1.10483315,1.13133816,1.14656141,-0.02650501,-0.02119665,1629368618113,1629368458414,1629368616315,0,0,-1,1
396,1.12536476,1.10483315,1.13134818,1.14656141,-0.02651503,-0.02119665,1629368618797,1629368458414,1629368616831,0,0,-1,1
397,1.12536476,1.10483315,1.13133816,1.14656141,-0.02650501,-0.02119665,1629368619127,1629368458414,1629368616987,0,0,-1,1
398,1.1254446,1.10483315,1.13132814,1.14656141,-0.02649499,-0.02111681,1629368619788,1629368458414,1629368617497,0,2,-1,1
399,1.12536476,1.10483315,1.13133816,1.14656141,-0.02650501,-0.02119665,1629368620124,1629368458414,1629368617525,0,2,-1,1
400,1.12536476,1.10483315,1.1314083,1.14656141,-0.02657515,-0.02119665,1629368620712,1629368458414,1629368618987,0,0,-1,1
