bayGate,bayBith,sellGate,sellBith,diffSell,diffBay,timeServer,timeBith,timeGate,bayOrSellGate,init
102,0.52188414,0,0.52415622,0,-0.52415622,0.52188414,1626788285836,1626788285451,1626788286538,0,0
103,0.52188414,0,0.52411614,0,-0.52411614,0.52188414,1626788285952,1626788285451,1626788286568,0,0
104,0.52187416,0,0.52411614,0,-0.52411614,0.52187416,1626788286153,1626788285451,1626788286607,1,0
105,0.52187416,0,0.52411614,0,-0.52411614,0.52187416,1626788286542,1626788285451,1626788286618,1,0
106,0.52187416,0,0.52411614,0,-0.52411614,0.52187416,1626788286686,1626788285451,1626788287410,1,0
107,0.52187416,0,0.52411614,0,-0.52411614,0.52187416,1626788286852,1626788285451,1626788287578,1,0
108,0.52187416,0,0.5241462,0,-0.5241462,0.52187416,1626788286974,1626788285451,1626788287652,0,0
109,0.521954,0,0.5241462,0,-0.5241462,0.521954,1626788287123,1626788285451,1626788287718,1,0
110,0.52187416,0,0.5241462,0,-0.5241462,0.52187416,1626788288012,1626788285451,1626788288747,1,0
