Number,bayGate,bayBith,sellGate,sellBith,diffSell,diffBay,timeServer,timeBith,timeGate,percentBonus,bayOrSellGate,bayOrSellBith, init
401,1.12537474,1.10483315,1.13134818,1.14656141,-0.02651503,-0.02118667,1629368622265,1629368458414,1629368619115,0,1,-1,1
402,1.12516516,1.10483315,1.13134818,1.14656141,-0.02651503,-0.02139625,1629368624840,1629368458414,1629368620086,0,1,-1,1
403,1.12536476,1.10483315,1.13134818,1.14656141,-0.02651503,-0.02119665,1629368625418,1629368458414,1629368620182,0,1,-1,1
404,1.12536476,1.10483315,1.1314083,1.14656141,-0.02657515,-0.02119665,1629368625788,1629368458414,1629368620404,0,0,-1,1
405,1.12562424,1.10483315,1.1314083,1.14656141,-0.02657515,-0.02093717,1629368626151,1629368458414,1629368620501,0,1,-1,1
406,1.1254446,1.10483315,1.13143836,1.14656141,-0.02660521,-0.02111681,1629368626923,1629368458414,1629368620684,0,2,-1,1
407,1.12557434,1.10483315,1.13143836,1.14656141,-0.02660521,-0.02098707,1629368627271,1629368458414,1629368620759,0,1,-1,1
408,1.12557434,1.10483315,1.13147844,1.14656141,-0.02664529,-0.02098707,1629368627733,1629368458414,1629368620983,0,0,-1,1
409,1.1254446,1.10483315,1.13159868,1.14656141,-0.02676553,-0.02111681,1629368628168,1629368458414,1629368621078,0,2,-1,1
