Number,bayGate,bayBith,sellGate,sellBith,diffSell,diffBay,timeServer,timeBith,timeGate,bayOrSellGate,bayOrSellBith, init
202,1.23491522,1.217865,1.2421794,1.2715875,-0.0243144,-0.03667228,1628958065946,1628958065970,1628958066139,2,-1,0
203,1.23459586,1.217865,1.24235976,1.2715875,-0.02449476,-0.03699164,1628958066053,1628958065970,1628958066255,2,-1,0
204,1.23459586,1.217865,1.24235976,1.27258875,-0.02449476,-0.03799289,1628958066172,1628958066433,1628958066255,2,0,1
205,1.2343763,1.217865,1.24205916,1.27258875,-0.02419416,-0.03821245,1628958066196,1628958066436,1628958066353,2,-1,0
206,1.2343763,1.217865,1.24205916,1.2715875,-0.02419416,-0.0372112,1628958066235,1628958066517,1628958066353,2,0,1
207,1.2343763,1.217865,1.24205916,1.27258875,-0.02419416,-0.03821245,1628958066268,1628958066517,1628958066353,2,0,1
208,1.2343763,1.217865,1.24205916,1.2715875,-0.02419416,-0.0372112,1628958066282,1628958066563,1628958066353,2,0,1
209,1.2347256,1.217865,1.24241988,1.2715875,-0.02455488,-0.0368619,1628958066322,1628958066564,1628958066453,2,-1,0
