Number,bayGate,bayBith,sellGate,sellBith,diffSell,diffBay,timeServer,timeBith,timeGate,bayOrSellGate,bayOrSellBith, init
122,0,0.74058171,0,0.76270219,0.74058171,-0.76270219,1627627642429,1627627640720,undefined,-1,1,1
123,0,0.74059169,0,0.76270219,0.74059169,-0.76270219,1627627643118,1627627640966,undefined,-1,1,1
124,0,0.74058171,0,0.76270219,0.74058171,-0.76270219,1627627645014,1627627643451,undefined,-1,1,1
125,0,0.74059169,0,0.76270219,0.74059169,-0.76270219,1627627651508,1627627651378,undefined,-1,1,1
126,0,0.74058171,0,0.76270219,0.74058171,-0.76270219,1627627664583,1627627664108,undefined,-1,1,1
127,0,0.74059169,0,0.76270219,0.74059169,-0.76270219,1627627669321,1627627668954,undefined,-1,1,1
